Keyword,Intent,Volume,Keyword Difficulty,CPC (USD)
how to use seedance,,30,,0.00
how to use seedance 1.0,,30,,0.00
is seedance open source,,20,,0.00
does seedance have audio,,10,,0.00
how to use bytedance seedance,,10,,0.00
how to use seedance ai,,10,,0.00
how to use seedance for free,,10,,2.06
is seedance 1.0 free,,10,,0.00
is seedance 1.0 open source,,10,,0.00
is seedance censored,,10,,0.00
is seedance free,,10,,0.00
what is seedance,,10,,1.43
what is seedance ai,,10,,1.63
do seedance videos have audio,,0,,0.00
is seedance uncensored,,0,,0.00
will seedance make nazi imagery,,0,,0.00
